{"title":"","id":1,"dateAdded":1355904467590000,"lastModified":1357190965060000,"type":"text/x-moz-place-container","root":"placesRoot","children":[{"title":"Bookmarks Menu","id":2,"parent":1,"dateAdded":1355904467590000,"lastModified":1363177029959000,"type":"text/x-moz-place-container","root":"bookmarksMenuFolder","children":[{"title":"Recently Bookmarked","id":35,"parent":2,"annos":[{"name":"Places/SmartBookmark","flags":0,"expires":4,"mimeType":null,"type":3,"value":"RecentlyBookmarked"}],"type":"text/x-moz-place","uri":"place:folder=BOOKMARKS_MENU&folder=UNFILED_BOOKMARKS&folder=TOOLBAR&sort=12&excludeQueries=1&maxResults=10&queryType=1"},{"index":1,"title":"Recent Tags","id":36,"parent":2,"annos":[{"name":"Places/SmartBookmark","flags":0,"expires":4,"mimeType":null,"type":3,"value":"RecentTags"}],"type":"text/x-moz-place","uri":"place:sort=14&type=6&maxResults=10&queryType=1"},{"index":2,"title":"","id":37,"parent":2,"dateAdded":1355904468773000,"lastModified":1355904468773000,"type":"text/x-moz-place-separator"},{"index":3,"title":"Mozilla Firefox","id":38,"parent":2,"dateAdded":1355904468493000,"lastModified":1355904468497000,"type":"text/x-moz-place-container","children":[{"title":"Help and Tutorials","id":39,"parent":38,"dateAdded":1355904468494000,"lastModified":1355904468494000,"type":"text/x-moz-place","uri":"http://www.mozilla.com/en-US/firefox/help/"},{"index":1,"title":"Customize Firefox","id":40,"parent":38,"dateAdded":1355904468495000,"lastModified":1355904468495000,"type":"text/x-moz-place","uri":"http://www.mozilla.com/en-US/firefox/customize/"},{"index":2,"title":"Get Involved","id":41,"parent":38,"dateAdded":1355904468496000,"lastModified":1355904468496000,"type":"text/x-moz-place","uri":"http://www.mozilla.com/en-US/firefox/community/"},{"index":3,"title":"About Us","id":42,"parent":38,"dateAdded":1355904468497000,"lastModified":1355904468497000,"type":"text/x-moz-place","uri":"http://www.mozilla.com/en-US/about/"}]}]},{"index":1,"title":"Bookmarks Toolbar","id":3,"parent":1,"dateAdded":1355904467590000,"lastModified":1363177029969000,"annos":[{"name":"bookmarkProperties/description","flags":0,"expires":4,"mimeType":null,"type":3,"value":"Add bookmarks to this folder to see them displayed on the Bookmarks Toolbar"}],"type":"text/x-moz-place-container","root":"toolbarFolder","children":[{"title":"Most Visited","id":43,"parent":3,"annos":[{"name":"Places/SmartBookmark","flags":0,"expires":4,"mimeType":null,"type":3,"value":"MostVisited"}],"type":"text/x-moz-place","uri":"place:sort=8&maxResults=10"},{"index":1,"title":"Getting Started","id":44,"parent":3,"dateAdded":1355904468492000,"lastModified":1355904468493000,"type":"text/x-moz-place","uri":"http://www.mozilla.com/en-US/firefox/central/"}]},{"index":2,"title":"Tags","id":4,"parent":1,"dateAdded":1355904467590000,"lastModified":1355904467590000,"type":"text/x-moz-place-container","root":"tagsFolder","children":[]},{"index":3,"title":"Unsorted Bookmarks","id":5,"parent":1,"dateAdded":1355904467590000,"lastModified":1363177030018000,"type":"text/x-moz-place-container","root":"unfiledBookmarksFolder","children":[{"title":"Roadmap for Windows Store apps using C# or Visual Basic (Windows)","id":45,"parent":5,"dateAdded":1356001224372000,"lastModified":1356001224418000,"type":"text/x-moz-place","uri":"http://msdn.microsoft.com/en-us/library/windows/apps/br229583.aspx","charset":"UTF-8"},{"index":1,"title":"Part 1: Create a \"Hello, world\" app (Windows Store apps using C#/VB and XAML) (Windows)","id":46,"parent":5,"dateAdded":1356001468909000,"lastModified":1356001468911000,"type":"text/x-moz-place","uri":"http://msdn.microsoft.com/en-us/library/windows/apps/hh986965.aspx","charset":"UTF-8"},{"index":2,"title":"31 Days of Mango","id":47,"parent":5,"dateAdded":1356002733515000,"lastModified":1363177029978000,"annos":[{"name":"bookmarkProperties/description","flags":0,"expires":4,"mimeType":null,"type":3,"value":"31 Days of Mango"}],"type":"text/x-moz-place","uri":"http://jeffblankenburg.com/31daysofmango/","charset":"UTF-8"},{"index":3,"title":"F5debug | Learn Windows Phone 7 Development in 31 Days","id":48,"parent":5,"dateAdded":1356002767161000,"lastModified":1356002767163000,"type":"text/x-moz-place","uri":"http://f5debug.net/post/2012/01/30/Learn-Windows-Phone-7-Development-in-31-Days.aspx","charset":"UTF-8"},{"index":4,"title":"31 Days of Windows Phone 7 « Blankenblog","id":49,"parent":5,"dateAdded":1356004410217000,"lastModified":1356004410262000,"type":"text/x-moz-place","uri":"http://www.jeffblankenburg.com/2010/09/30/31-days-of-windows-phone-7/","charset":"UTF-8"},{"index":5,"title":"Using Listpicker in Windows Phone 7","id":50,"parent":5,"dateAdded":1356592509337000,"lastModified":1363177029983000,"annos":[{"name":"bookmarkProperties/description","flags":0,"expires":4,"mimeType":null,"type":3,"value":"In this article I will talk about Listpicker in Windows Phone."}],"type":"text/x-moz-place","uri":"http://www.c-sharpcorner.com/uploadfile/f397b9/using-listpicker-in-windows-phone-7/","charset":"UTF-8"},{"index":6,"title":"Windows Phone Contacts and Calendar Sample in C#, VB.NET for Visual Studio 2010","id":51,"parent":5,"dateAdded":1356680790805000,"lastModified":1363177029986000,"annos":[{"name":"bookmarkProperties/description","flags":0,"expires":4,"mimeType":null,"type":3,"value":"This sample demonstrates how to access contacts and appointments, and display the details by using data binding. It also demonstrates two different techniques for displaying contact photos. For more information, see Contacts and Calendar in Windows Phone.Note:Although this sampl"}],"type":"text/x-moz-place","uri":"http://code.msdn.microsoft.com/wpapps/Contacts-and-Calendar-9fce5e26","charset":"UTF-8"},{"index":7,"title":"MyPlate - Food Diary & Food Calorie Counter | LIVESTRONG.COM","id":52,"parent":5,"dateAdded":1356950880621000,"lastModified":1363177029988000,"annos":[{"name":"bookmarkProperties/description","flags":0,"expires":4,"mimeType":null,"type":3,"value":"MyPlate. Track your calories in a customized food diary that's all about you. It's simple, just type in the food item that you ate and get all the nutritional data you need to know how many calories you consumed and what food groups you've covered. You can review your diet and exercise history whenever you like and make your meal decisions accordingly!"}],"type":"text/x-moz-place","uri":"http://www.livestrong.com/myplate/","charset":"UTF-8"},{"index":8,"title":"Online Food Diary with Exercise Log and iPhone, iPad, Android, and BlackBerry Calorie Counter","id":53,"parent":5,"dateAdded":1356950882810000,"lastModified":1363177029989000,"annos":[{"name":"bookmarkProperties/description","flags":0,"expires":4,"mimeType":null,"type":3,"value":"MyNetDiary is the easiest and smartest free calorie counter and free food diary, working online and with our iPhone, iPad, Android, and BlackBerry applications.\n        We have over 480,000 foods and 500+ activities. MyNetDiary works well with any diet.\n        We also provide a simple and effective activity and exercise journal, online community, Google Health and Twitter integration, and more. Use MyNetDiary for weight loss, and to start\n        a new healthy lifestyle."}],"type":"text/x-moz-place","uri":"http://www.mynetdiary.com/","charset":"UTF-8"},{"index":9,"title":"Calorie Tracker | Windows Phone Apps+Games Store (United States)","id":54,"parent":5,"dateAdded":1356957353897000,"lastModified":1356957354287000,"type":"text/x-moz-place","uri":"http://www.windowsphone.com/en-us/store/app/calorie-tracker/1229f984-2e99-e011-986b-78e7d1fa76f8","charset":"UTF-8"},{"index":10,"title":"windows phone 7 - difference between app hub \"personal\" and \"company\" account types - Stack Overflow","id":55,"parent":5,"dateAdded":1357135464945000,"lastModified":1357135465023000,"type":"text/x-moz-place","uri":"http://stackoverflow.com/questions/10752959/difference-between-app-hub-personal-and-company-account-types","charset":"UTF-8"},{"index":11,"title":"Understanding app and in-app product submission","id":56,"parent":5,"dateAdded":1357217175573000,"lastModified":1357217175766000,"type":"text/x-moz-place","uri":"http://msdn.microsoft.com/en-us/library/windowsphone/help/jj206729(v=vs.105).aspx","charset":"UTF-8"},{"index":12,"title":"App submission requirements for Windows Phone","id":57,"parent":5,"dateAdded":1357221541891000,"lastModified":1357221541922000,"type":"text/x-moz-place","uri":"http://msdn.microsoft.com/en-us/library/windowsphone/develop/hh184844(v=vs.105).aspx","charset":"UTF-8"},{"index":13,"title":"Calorie Calculator","id":58,"parent":5,"dateAdded":1357907389157000,"lastModified":1363177029998000,"annos":[{"name":"bookmarkProperties/description","flags":0,"expires":4,"mimeType":null,"type":3,"value":"Free calorie calculator to estimate the calories you will need per day with simple guideline for your gain or lose weight plan. Also find hundreds of other free online calculators here."}],"type":"text/x-moz-place","uri":"http://www.calculator.net/calorie-calculator.html#","charset":"ISO-8859-1"},{"index":14,"title":"Heart rate measurement from fingertip :Embedded Lab","id":59,"parent":5,"dateAdded":1358151717868000,"lastModified":1363177030000000,"annos":[{"name":"bookmarkProperties/description","flags":0,"expires":4,"mimeType":null,"type":3,"value":"Embedded systems tutorials, news, projects, and experiments based on AVR and PIC Microchip. "}],"type":"text/x-moz-place","uri":"http://embedded-lab.com/blog/?p=1671","charset":"UTF-8"},{"index":15,"title":"Nutrient Data Products and Services","id":60,"parent":5,"dateAdded":1358157179207000,"lastModified":1358157179266000,"type":"text/x-moz-place","uri":"http://www.ars.usda.gov/Services/docs.htm?docid=8964","charset":"UTF-8"},{"index":16,"title":"Heart Rate Variability Analysis Software and Hardware | Products | Heart Rythm Scanner Special Edition","id":61,"parent":5,"dateAdded":1358162662261000,"lastModified":1363177030003000,"annos":[{"name":"bookmarkProperties/description","flags":0,"expires":4,"mimeType":null,"type":3,"value":"Heart Rhythm Scanner Special Edition is a heart rate variability analysis software and hardware for full hrv analysis"}],"type":"text/x-moz-place","uri":"http://www.biocomtech.com/products/hrsce","charset":"ISO-8859-1"},{"index":17,"title":"Calorie Calculator - Daily Caloric Needs","id":62,"parent":5,"dateAdded":1358245472159000,"lastModified":1363177030004000,"annos":[{"name":"bookmarkProperties/description","flags":0,"expires":4,"mimeType":null,"type":3,"value":"Calorie Calculator: Calculates your daily caloric needs using body weight, height, age, gender, and exercise level. Also suggests calorie zig-zag plan."}],"type":"text/x-moz-place","uri":"http://www.freedieting.com/tools/calorie_calculator.htm","charset":"ISO-8859-1"},{"index":18,"title":"Speech For Windows Phone: Refreshing a phrase list using a background agent in C# for Visual Studio 2012","id":63,"parent":5,"dateAdded":1358258347587000,"lastModified":1363177030006000,"annos":[{"name":"bookmarkProperties/description","flags":0,"expires":4,"mimeType":null,"type":3,"value":"This sample demonstrates how to modify voice commands and phrase lists at runtime using a ScheduledTask. A phrase list is a list of phrases that an app recognizes to initiate a command. Updating this list at runtime is useful for cases in which the voice command is specific to a"}],"type":"text/x-moz-place","uri":"http://code.msdn.microsoft.com/Speech-For-Windows-Phone-a04e69f9","charset":"UTF-8"},{"index":19,"title":"fingerpaint – a little wp7 paint app « Sigurd Snørteland","id":64,"parent":5,"dateAdded":1358335005160000,"lastModified":1363177030008000,"annos":[{"name":"bookmarkProperties/description","flags":0,"expires":4,"mimeType":null,"type":3,"value":"fingerpaint is a little wp7 based paint app that I made for fun in 2 hours earlier today. It’s just a ‘proof of concept’ app, it’s nothing for the marketplace. You paint by dragging your fingers over the screen and you change color by “dipping your fingers in the paint buckets”. The app listens to the…"}],"type":"text/x-moz-place","uri":"http://sigurdsnorteland.wordpress.com/2010/10/20/fingerpaint-a-little-wp7-paint-app/","charset":"UTF-8"},{"index":20,"title":"All about WP7 Isolated Storage - Read and Save Binary files | WindowsPhoneGeek","id":65,"parent":5,"dateAdded":1358860733041000,"lastModified":1358860733160000,"type":"text/x-moz-place","uri":"http://www.windowsphonegeek.com/tips/All-about-WP7-Isolated-Storage---Read-and-Save-Binary-files","charset":"UTF-8"},{"index":21,"title":"Backup your Windows Phone Isolated Storage data to SkyDrive using Live Connect API « Niko Vrdoljak's Blog","id":66,"parent":5,"dateAdded":1358862287882000,"lastModified":1363177030011000,"annos":[{"name":"bookmarkProperties/description","flags":0,"expires":4,"mimeType":null,"type":3,"value":"As a Windows Phone developer you know that you can store your application local data to Isolated Storage. Isolated Storage restricts all your I/O operations so other applications cannot access or corrupt your data, which provides very efficient security of app’s and user’s data. You can store WP7 local data to IsolatedStorageSettings, database or folders…"}],"type":"text/x-moz-place","uri":"http://nikovrdoljak.wordpress.com/2011/09/15/backup-your-windows-phone-isolated-storage-data-to-skydrive-using-live-connect-api/","charset":"UTF-8"},{"index":22,"title":"WP7 Emulator Browser not displaying anything - Stack Overflow","id":67,"parent":5,"dateAdded":1358928052873000,"lastModified":1358928052913000,"type":"text/x-moz-place","uri":"http://stackoverflow.com/questions/6910194/wp7-emulator-browser-not-displaying-anything","charset":"UTF-8"},{"index":23,"title":"XNA for Silverlight developers: Part 8 - Music and sound effects","id":68,"parent":5,"dateAdded":1359037552758000,"lastModified":1359037552838000,"type":"text/x-moz-place","uri":"http://www.silverlightshow.net/items/XNA-for-Silverlight-developers-Part-8-Music-and-sound-effects.aspx","charset":"UTF-8"},{"index":24,"title":"Exploring Everyday Things with R and Ruby. - Airbrake :: Airbrake","id":69,"parent":5,"dateAdded":1359351478963000,"lastModified":1359351479135000,"type":"text/x-moz-place","uri":"http://blog.airbrake.io/guest-post/exploring-everything/","charset":"UTF-8"},{"index":25,"title":"Windows Phone 7.5 - Use Background agents","id":70,"parent":5,"dateAdded":1362571283867000,"lastModified":1362571283957000,"type":"text/x-moz-place","uri":"http://www.silverlightshow.net/items/Windows-Phone-7.5-Use-Background-agents.aspx","charset":"UTF-8"},{"index":26,"title":"REST / SOAP endpoints for a WCF service - Stack Overflow","id":71,"parent":5,"dateAdded":1362573463238000,"lastModified":1362573463408000,"type":"text/x-moz-place","uri":"http://stackoverflow.com/questions/186631/rest-soap-endpoints-for-a-wcf-service","charset":"UTF-8"},{"index":27,"title":"Windows 8 tablets release date, specs and prices | News | TechRadar","id":72,"parent":5,"dateAdded":1362729996209000,"lastModified":1363177030017000,"annos":[{"name":"bookmarkProperties/description","flags":0,"expires":4,"mimeType":null,"type":3,"value":"Windows 8 tablets release date, specs and prices - Windows 8 has been with us for a few months now - so which Windows 8 tablets have we look"}],"type":"text/x-moz-place","uri":"http://www.techradar.com/news/computing/windows-8-tablets-release-date-specs-and-prices-916134","charset":"UTF-8"},{"index":28,"title":"How to Consume WCF REST Service Returning JSON in Windows Phone 7","id":73,"parent":5,"dateAdded":1362744025288000,"lastModified":1363177030018000,"annos":[{"name":"bookmarkProperties/description","flags":0,"expires":4,"mimeType":null,"type":3,"value":"In this article I will show you a way to consume a JSON WCF REST Service in Windows Phone 7."}],"type":"text/x-moz-place","uri":"http://www.c-sharpcorner.com/UploadFile/dhananjaycoder/how-to-consume-wcf-rest-service-returning-json-in-windows-ph/","charset":"UTF-8"},{"index":29,"title":"WP7 | //InterKnowlogy/ Blogs","id":74,"parent":5,"dateAdded":1362744453157000,"lastModified":1362744453167000,"type":"text/x-moz-place","uri":"http://blogs.interknowlogy.com/tag/wp7/","charset":"UTF-8"}]}]}